<!-- gnome-shell-theme.gresource.xml (mifjpn:2204130049) -->
<?xml version="1.0" encoding="UTF-8"?>
<gresources>
  <gresource prefix="/org/gnome/shell/theme">
  <file>Yaru/gnome-shell-bark-dark.css</file>
  <file>Yaru/gnome-shell-bark.css</file>
  <file>Yaru/gnome-shell-blue-dark.css</file>
  <file>Yaru/gnome-shell-blue.css</file>
  <file>Yaru/gnome-shell-dark.css</file>
  <file>Yaru/gnome-shell-high-contrast.css</file>
  <file>Yaru/gnome-shell-magenta-dark.css</file>
  <file>Yaru/gnome-shell-magenta.css</file>
  <file>Yaru/gnome-shell-olive-dark.css</file>
  <file>Yaru/gnome-shell-olive.css</file>
  <file>Yaru/gnome-shell-prussiangreen-dark.css</file>
  <file>Yaru/gnome-shell-prussiangreen.css</file>
  <file>Yaru/gnome-shell-purple-dark.css</file>
  <file>Yaru/gnome-shell-purple.css</file>
  <file>Yaru/gnome-shell-red-dark.css</file>
  <file>Yaru/gnome-shell-red.css</file>
  <file>Yaru/gnome-shell-sage-dark.css</file>
  <file>Yaru/gnome-shell-sage.css</file>
  <file>Yaru/gnome-shell-viridian-dark.css</file>
  <file>Yaru/gnome-shell-viridian.css</file>
  <file>Yaru/gnome-shell.css</file>
  <file>gdm.css</file>
  <file>pad-osd.css</file>
  <file>calendar-today-light.svg</file>
  <file>calendar-today.svg</file>
  <file>checkbox-bark-dark.svg</file>
  <file>checkbox-bark.svg</file>
  <file>checkbox-blue-dark.svg</file>
  <file>checkbox-blue.svg</file>
  <file>checkbox-dark.svg</file>
  <file>checkbox-focused-bark-dark.svg</file>
  <file>checkbox-focused-bark.svg</file>
  <file>checkbox-focused-blue-dark.svg</file>
  <file>checkbox-focused-blue.svg</file>
  <file>checkbox-focused-dark.svg</file>
  <file>checkbox-focused-light.svg</file>
  <file>checkbox-focused-magenta-dark.svg</file>
  <file>checkbox-focused-magenta.svg</file>
  <file>checkbox-focused-olive-dark.svg</file>
  <file>checkbox-focused-olive.svg</file>
  <file>checkbox-focused-prussiangreen-dark.svg</file>
  <file>checkbox-focused-prussiangreen.svg</file>
  <file>checkbox-focused-purple-dark.svg</file>
  <file>checkbox-focused-purple.svg</file>
  <file>checkbox-focused-red-dark.svg</file>
  <file>checkbox-focused-red.svg</file>
  <file>checkbox-focused-sage-dark.svg</file>
  <file>checkbox-focused-sage.svg</file>
  <file>checkbox-focused-viridian-dark.svg</file>
  <file>checkbox-focused-viridian.svg</file>
  <file>checkbox-light.svg</file>
  <file>checkbox-magenta-dark.svg</file>
  <file>checkbox-magenta.svg</file>
  <file>checkbox-off-bark-dark.svg</file>
  <file>checkbox-off-bark.svg</file>
  <file>checkbox-off-blue-dark.svg</file>
  <file>checkbox-off-blue.svg</file>
  <file>checkbox-off-dark.svg</file>
  <file>checkbox-off-focused-bark-dark.svg</file>
  <file>checkbox-off-focused-bark.svg</file>
  <file>checkbox-off-focused-blue-dark.svg</file>
  <file>checkbox-off-focused-blue.svg</file>
  <file>checkbox-off-focused-dark.svg</file>
  <file>checkbox-off-focused-light.svg</file>
  <file>checkbox-off-focused-magenta-dark.svg</file>
  <file>checkbox-off-focused-magenta.svg</file>
  <file>checkbox-off-focused-olive-dark.svg</file>
  <file>checkbox-off-focused-olive.svg</file>
  <file>checkbox-off-focused-prussiangreen-dark.svg</file>
  <file>checkbox-off-focused-prussiangreen.svg</file>
  <file>checkbox-off-focused-purple-dark.svg</file>
  <file>checkbox-off-focused-purple.svg</file>
  <file>checkbox-off-focused-red-dark.svg</file>
  <file>checkbox-off-focused-red.svg</file>
  <file>checkbox-off-focused-sage-dark.svg</file>
  <file>checkbox-off-focused-sage.svg</file>
  <file>checkbox-off-focused-viridian-dark.svg</file>
  <file>checkbox-off-focused-viridian.svg</file>
  <file>checkbox-off-light.svg</file>
  <file>checkbox-off-magenta-dark.svg</file>
  <file>checkbox-off-magenta.svg</file>
  <file>checkbox-off-olive-dark.svg</file>
  <file>checkbox-off-olive.svg</file>
  <file>checkbox-off-prussiangreen-dark.svg</file>
  <file>checkbox-off-prussiangreen.svg</file>
  <file>checkbox-off-purple-dark.svg</file>
  <file>checkbox-off-purple.svg</file>
  <file>checkbox-off-red-dark.svg</file>
  <file>checkbox-off-red.svg</file>
  <file>checkbox-off-sage-dark.svg</file>
  <file>checkbox-off-sage.svg</file>
  <file>checkbox-off-viridian-dark.svg</file>
  <file>checkbox-off-viridian.svg</file>
  <file>checkbox-olive-dark.svg</file>
  <file>checkbox-olive.svg</file>
  <file>checkbox-prussiangreen-dark.svg</file>
  <file>checkbox-prussiangreen.svg</file>
  <file>checkbox-purple-dark.svg</file>
  <file>checkbox-purple.svg</file>
  <file>checkbox-red-dark.svg</file>
  <file>checkbox-red.svg</file>
  <file>checkbox-sage-dark.svg</file>
  <file>checkbox-sage.svg</file>
  <file>checkbox-viridian-dark.svg</file>
  <file>checkbox-viridian.svg</file>
  <file>dash-placeholder.svg</file>
  <file>gnome-shell-start.svg</file>
  <file>process-working.svg</file>
  <file>running-indicator.svg</file>
  <file>toggle-off-bark-dark.svg</file>
  <file>toggle-off-bark.svg</file>
  <file>toggle-off-blue-dark.svg</file>
  <file>toggle-off-blue.svg</file>
  <file>toggle-off-dark.svg</file>
  <file>toggle-off-hc-light.svg</file>
  <file>toggle-off-light.svg</file>
  <file>toggle-off-magenta-dark.svg</file>
  <file>toggle-off-magenta.svg</file>
  <file>toggle-off-olive-dark.svg</file>
  <file>toggle-off-olive.svg</file>
  <file>toggle-off-prussiangreen-dark.svg</file>
  <file>toggle-off-prussiangreen.svg</file>
  <file>toggle-off-purple-dark.svg</file>
  <file>toggle-off-purple.svg</file>
  <file>toggle-off-red-dark.svg</file>
  <file>toggle-off-red.svg</file>
  <file>toggle-off-sage-dark.svg</file>
  <file>toggle-off-sage.svg</file>
  <file>toggle-off-viridian-dark.svg</file>
  <file>toggle-off-viridian.svg</file>
  <file>toggle-on-bark-dark.svg</file>
  <file>toggle-on-bark.svg</file>
  <file>toggle-on-blue-dark.svg</file>
  <file>toggle-on-blue.svg</file>
  <file>toggle-on-dark.svg</file>
  <file>toggle-on-hc-light.svg</file>
  <file>toggle-on-light.svg</file>
  <file>toggle-on-magenta-dark.svg</file>
  <file>toggle-on-magenta.svg</file>
  <file>toggle-on-olive-dark.svg</file>
  <file>toggle-on-olive.svg</file>
  <file>toggle-on-prussiangreen-dark.svg</file>
  <file>toggle-on-prussiangreen.svg</file>
  <file>toggle-on-purple-dark.svg</file>
  <file>toggle-on-purple.svg</file>
  <file>toggle-on-red-dark.svg</file>
  <file>toggle-on-red.svg</file>
  <file>toggle-on-sage-dark.svg</file>
  <file>toggle-on-sage.svg</file>
  <file>toggle-on-viridian-dark.svg</file>
  <file>toggle-on-viridian.svg</file>
  <file>workspace-placeholder.svg</file>
   </gresource>
</gresources> 

