<!-- gnome-shell-icons.gresource 04130132 -->
<?xml version="1.0" encoding="UTF-8"?>
<gresources>
  <gresource prefix="/org/gnome/shell/icons/scalable">
  <file>actions/carousel-arrow-next-symbolic.svg</file>
  <file>actions/carousel-arrow-previous-symbolic.svg</file>
  <file>actions/color-pick.svg</file>
  <file>actions/pointer-double-click-symbolic.svg</file>
  <file>actions/pointer-drag-symbolic.svg</file>
  <file>actions/pointer-primary-click-symbolic.svg</file>
  <file>actions/pointer-secondary-click-symbolic.svg</file>
  <file>actions/preview-close-symbolic.svg</file>
  <file>actions/record-screen-symbolic.svg</file>
  <file>actions/screencast-recorded-symbolic.svg</file>
  <file>actions/screenshot-recorded-symbolic.svg</file>
  <file>actions/screenshot-ui-area-symbolic.svg</file>
  <file>actions/screenshot-ui-display-symbolic.svg</file>
  <file>actions/screenshot-ui-show-pointer-symbolic.svg</file>
  <file>actions/screenshot-ui-window-symbolic.svg</file>
  <file>status/keyboard-caps-lock-symbolic.svg</file>
  <file>status/keyboard-enter-symbolic.svg</file>
  <file>status/keyboard-hide-symbolic.svg</file>
  <file>status/keyboard-layout-symbolic.svg</file>
  <file>status/keyboard-shift-symbolic.svg</file>
  <file>status/message-indicator-symbolic.svg</file>
  <file>status/no-events-symbolic.svg</file>
  <file>status/no-notifications-symbolic.svg</file>
  <file>status/screen-privacy-disabled-symbolic.svg</file>
  <file>status/screen-privacy-symbolic.svg</file>
  <file>status/stop-symbolic.svg</file>
  </gresource>
</gresources>  

